{
    "Saj\u00e1ma": [
        -18.108263,
        -68.6023775
    ],
    "Titicaca": [
        -15.7334907,
        -69.9357769
    ],
    "El Chaco": [
        -0.2442778,
        -77.675958
    ],
    "New York": [
        40.7127281,
        -74.0060152
    ],
    "Earth": [
        34.2331373,
        -102.4107493
    ],
    "Tarija": [
        -21.583333,
        -63.833333
    ],
    "Scotch": [
        43.7089117,
        -116.3815581
    ],
    "Las Siete  ": [
        28.3473425,
        -16.8928153
    ],
    "lianas": [
        -30.0510371,
        -51.1779938
    ],
    "Bolivar": [
        33.7702263,
        -90.8519798
    ],
    "LONDON": [
        51.5074456,
        -0.1277653
    ],
    "Sahama": [
        -13.24,
        15.359167
    ],
    "Yca": [
        49.6789457,
        -124.9806989
    ],
    "Grande\u2014River": [
        -20.2859647,
        -47.1297737
    ],
    "Central America": [
        -30.2928485,
        153.1256159
    ],
    "Pachimoco": [
        -30.1979169,
        -68.8300915
    ],
    "Andes": [
        5.6555942,
        -75.8778448
    ],
    "Borba": [
        38.8057942,
        -7.4542105
    ],
    "Bartolo": [
        18.2011587,
        -66.8503643
    ],
    "Molino": [
        45.7319605,
        10.3896484
    ],
    "Jesuits": [
        43.6642764,
        -79.3904051
    ],
    "Man\u00e1os": [
        -3.1316333,
        -59.9825041
    ],
    "Poopo": [
        -18.2505991,
        -66.9746906
    ],
    "El  ": [
        38.915304,
        -99.3172531
    ],
    "Masa Cruz": [
        41.6539246,
        -4.7219655
    ],
    "Casa": [
        33.5945144,
        -7.6200284
    ],
    "Atacama": [
        -24.5563029,
        -69.4226479
    ],
    "Velasquez": [
        16.0534949,
        120.3848898
    ],
    "Huanchaca": [
        -20.3164904,
        -66.6833987
    ],
    "Sandia": [
        -13.833333,
        -69.333333
    ],
    "Exaltacion": [
        -11.7890104,
        -66.9367974
    ],
    "Mississippi": [
        32.9715285,
        -89.7348497
    ],
    "China": [
        35.0000663,
        104.999955
    ],
    "Marajo": [
        -0.9558821,
        -49.5469438
    ],
    "San Pablo": [
        -23.5506507,
        -46.6333824
    ],
    "Caracas": [
        10.5060934,
        -66.9146008
    ],
    "Lake Titicaca": [
        -15.9157533,
        -69.2929572
    ],
    "San Jos\u00e9 Chica": [
        25.8006736,
        -100.4554723
    ],
    "Itenez": [
        -13.3623488,
        -63.1872093
    ],
    "Truxillo": [
        37.3709839,
        -78.0416682
    ],
    "Clicquot": [
        42.1714865,
        -71.3522801
    ],
    "Panam\u00e1": [
        8.559559,
        -81.1308434
    ],
    "Japan": [
        36.5748441,
        139.2394179
    ],
    "Cordillera": [
        17.3597101,
        121.0716923
    ],
    "Yaci": [
        -33.2117239,
        -54.3692734
    ],
    "Itonama": [
        -12.9664704,
        -63.4872592
    ],
    "Larati": [
        -17.3442383,
        -66.0119337
    ],
    "Merceditas": [
        23.0595224,
        -82.293862
    ],
    "Canoe": [
        37.4489791,
        -83.4485159
    ],
    "Portada": [
        37.3075089,
        -7.1326069
    ],
    "Yuracar\u00e9": [
        -16.8928688,
        -64.7962327
    ],
    "United States": [
        39.7837304,
        -100.445882
    ],
    "Bananeiras": [
        -6.7537682,
        -35.6338343
    ],
    "Misericordia": [
        38.7114084,
        -9.1507477
    ],
    "La  Paz\u2014Rojos": [
        -16.5219348,
        -68.1553925
    ],
    "London": [
        51.5074456,
        -0.1277653
    ],
    "Loreto": [
        43.439498,
        13.6070214
    ],
    "El Cruzero": [
        11.6944323,
        -84.4009638
    ],
    "San  ": [
        7.0000085,
        -73.2500086
    ],
    "Santa": [
        47.7551188,
        7.0534664
    ],
    "the Black Country": [
        52.5215006,
        -2.0766606
    ],
    "San Xavier": [
        32.1036996,
        -111.013981
    ],
    "El Ingenio": [
        -14.6451139,
        -75.0583569
    ],
    "El Cerrito": [
        37.9154056,
        -122.301411
    ],
    "Santa  Ana\u2014\u201cMani": [
        -2.8876186,
        -79.0325895
    ],
    "Keith": [
        41.1973065,
        -101.6862537
    ],
    "Southampton": [
        50.9025349,
        -1.404189
    ],
    "El Chaco                       ": [
        -0.2442778,
        -77.675958
    ],
    "Central India": [
        22.5724857,
        88.3587427
    ],
    "Izozo": [
        -17.2357172,
        -64.5224947
    ],
    "Morinhos": [
        -5.8229709,
        -47.0732895
    ],
    "Chili": [
        -31.7613365,
        -71.3187697
    ],
    "San Antonio": [
        29.4246002,
        -98.4951405
    ],
    "St. John": [
        18.3356013,
        -64.7550406
    ],
    "Choro": [
        -4.8435726,
        -39.1393071
    ],
    "the Atlantic Ocean": [
        62.46558,
        6.0960324
    ],
    "Trinitario": [
        -16.8950051,
        -64.9709803
    ],
    "Sapucaia": [
        -29.8197019,
        -51.1608722
    ],
    "Europe": [
        51.0,
        10.0
    ],
    "Holy Virgin": [
        6.2342504,
        -75.5945398
    ],
    "oxen": [
        56.5236052,
        16.3976712
    ],
    "Deseada": [
        28.5692311,
        -17.8372084
    ],
    "Aiquile": [
        -18.2002218,
        -65.1806293
    ],
    "melgarejos": [
        42.0930485,
        -5.013236
    ],
    "St. James": [
        39.573173,
        -77.7493708
    ],
    "El  Chaco": [
        -0.2442778,
        -77.675958
    ],
    "Aullagas": [
        -18.6822248,
        -65.9974987
    ],
    "Venezuela": [
        8.0018709,
        -66.1109318
    ],
    "Carais": [
        57.0123453,
        -7.3316946
    ],
    "Lake Valencia": [
        34.8625828,
        -92.403154
    ],
    "quinta": [
        41.2976334,
        -7.8554018
    ],
    "River": [
        51.1410065,
        1.2748111
    ],
    "Spain": [
        39.3260685,
        -4.8379791
    ],
    "Western Brazil": [
        -0.1813973,
        30.3640168
    ],
    "Tarapaya": [
        -19.4749313,
        -65.7981713
    ],
    "Bolivia": [
        -17.0568696,
        -64.9912286
    ],
    "cinco": [
        35.2632953,
        -118.0361832
    ],
    "Sampson": [
        35.0078434,
        -78.3609662
    ],
    "La Cruz": [
        11.0088428,
        -85.5518491
    ],
    "Tunari": [
        45.1327293,
        25.467347
    ],
    "north-east": [
        -21.0244816,
        27.5147504
    ],
    "Huata": [
        -9.0161061,
        -77.8619114
    ],
    "Hacienda": [
        13.3760989,
        123.7977111
    ],
    "Corral": [
        -39.8877399,
        -73.4314543
    ],
    "San Borja": [
        -12.107075,
        -76.9988421
    ],
    "France": [
        46.603354,
        1.8883335
    ],
    "South America": [
        -21.0002179,
        -61.0006565
    ],
    "San Ramon": [
        37.7648021,
        -121.9544387
    ],
    "Salt Lake City": [
        40.7596198,
        -111.886797
    ],
    "Par\u00e1": [
        -6.8699697,
        -75.0458515
    ],
    "Curahuara": [
        -17.6322495,
        -67.986774
    ],
    "Aspinwall": [
        41.9120574,
        -95.1354782
    ],
    "Hindostan": [
        22.3511148,
        78.6677428
    ],
    "Chocos": [
        -12.927275,
        -75.9143335
    ],
    "Esperanza": [
        -31.448994,
        -60.9304048
    ],
    "Tacora": [
        -19.8744967,
        -66.2268456
    ],
    "San Jos\u00e9": [
        37.3361663,
        -121.890591
    ],
    "Rome": [
        41.8933203,
        12.4829321
    ],
    "Pocona": [
        -17.6747701,
        -65.4199602
    ],
    "Arauna": [
        -33.8693285,
        18.6864999
    ],
    "Arepucho": [
        -17.3770946,
        -65.2229029
    ],
    "Tijamuchi": [
        -15.1632474,
        -65.4227211
    ],