{
  "Mamor\u00e9": [
    -13.4129427,
    -65.2152448
  ],
  "COCHABAMBA": [
    -17.4012458,
    -66.1675681
  ],
  "Venezuela": [
    8.0018709,
    -66.1109318
  ],
  "the Rio Grande": [
    42.4891061,
    -2.4409022
  ],
  "Australia": [
    -24.7761086,
    134.755
  ],
  "Madeira": [
    32.7517501,
    -16.9817487
  ],
  "Desaguadero": [
    -16.564809,
    -69.0401545
  ],
  "Lima": [
    -12.0621065,
    -77.0365256
  ],
  "Panam\u00e1": [
    8.559559,
    -81.1308434
  ],
  "Andean": [
    42.9414286,
    -7.9979985
  ],
  "Sepulturas": [
    -17.9769226,
    -67.0134118
  ],
  "Mollendo": [
    -17.0292533,
    -72.0155447
  ],
  "Columbus": [
    39.9622601,
    -83.0007065
  ],
  "Gir\u00e3o": [
    32.7351665,
    -17.1952761
  ],
  "Minas Maio": [
    -20.316193,
    -40.4387467
  ],
  "China": [
    35.0000663,
    104.999955
  ],
  "Gurup\u00e1": [
    -1.406325,
    -51.6427456
  ],
  "Praia": [
    14.9162811,
    -23.5095095
  ],
  "United States": [
    39.7837304,
    -100.445882
  ],
  "Madeira Rivers": [
    -6.8064866,
    -62.4115491
  ],
  "St. James": [
    39.573173,
    -77.7493708
  ],
  "CARIPUNAS": [
    -9.2149237,
    -64.6514359
  ],
  "Yotala": [
    -19.1616017,
    -65.2647648
  ],
  "Santa Cruz de la Sierra": [
    -17.7834217,
    -63.1820853
  ],
  "Caracas": [
    10.5060934,
    -66.9146008
  ],
  "Mont Alegre": [
    39.6847152,
    -0.4251072
  ],
  "Borja": [
    41.8348235,
    -1.5337542
  ],
  "Moje\u00f1o": [
    -14.8781418,
    -65.5272056
  ],
  "Rio Grande": [
    29.74434,
    -102.67467
  ],
  "Chimor\u00e9": [
    -16.9939202,
    -65.1504578
  ],
  "Araras": [
    -22.3569192,
    -47.3838766
  ],
  "Ribeir\u00e3o": [
    -8.5066761,
    -35.3747339
  ],
  "Misque": [
    -37.1616846,
    -72.4707556
  ],
  "Andes": [
    5.6555942,
    -75.8778448
  ],
  "Quevedo": [
    -1.0669701,
    -79.4776812
  ],
  "UT": [
    39.4225192,
    -111.714358
  ],
  "Beni": [
    9.5293472,
    2.2584408
  ],
  "Masa Cruz": [
    41.6539246,
    -4.7219655
  ],
  "Santa Ana\u2014\u201cMani": [
    -2.8876186,
    -79.0325895
  ],
  "Payta": [
    19.4926425,
    -99.1337776
  ],
  "the United States": [
    47.8291375,
    -122.5970742
  ],
  "Sancho Mundo": [
    26.9452559,
    -105.7054322
  ],
  "Jamaica": [
    18.1850507,
    -77.3947693
  ],
  "Bananeiras": [
    -6.7537682,
    -35.6338343
  ],
  "Saj\u00e1ma": [
    -18.108263,
    -68.6023775
  ],
  "Hindostan": [
    22.3511148,
    78.6677428
  ],
  "Totora": [
    -6.4927301,
    -77.4719348
  ],
  "Quebrada Honda": [
    10.1875824,
    -85.297654
  ],
  "Larati": [
    -17.3442383,
    -66.0119337
  ],
  "Europe": [
    51.0,
    10.0
  ],
  "Rio de la Plata": [
    -35.13352,
    -56.2743702
  ],
  "Colon": [
    41.2974531,
    -96.6094912
  ],
  "London": [
    51.5074456,
    -0.1277653
  ],
  "Cobija": [
    -11.0184614,
    -68.7538149
  ],
  "Pisco": [
    -13.7099813,
    -76.2029793
  ],
  "Eastern Bolivia": [
    45.4211595,
    -75.6970477
  ],
  "France": [
    46.603354,
    1.8883335
  ],
  "Tarata": [
    -17.3983215,
    -69.9913225
  ],
  "Punata": [
    -17.5926818,
    -65.8496605
  ],
  "Cavinas": [
    -12.6272626,
    -66.770274
  ],
  "Vio": [
    42.9086546,
    12.9191449
  ],
  "Plymouth": [
    50.3714122,
    -4.1424451
  ],
  "Choro": [
    -4.8435726,
    -39.1393071
  ],
  "Chapari": [
    24.8625456,
    87.6380734
  ],
  "Itonama": [
    -12.9664704,
    -63.4872592
  ],
  "Poplar": [
    51.5110713,
    -0.0144629
  ],
  "Corrientes": [
    -28.9956512,
    -57.812458
  ],
  "Chili": [
    -31.7613365,
    -71.3187697
  ],
  "Macacos": [
    -23.5001413,
    -48.1908444
  ],
  "Matto Grosso": [
    -15.269921,
    -66.769053
  ],
  "Santarem": [
    39.2363637,
    -8.6867081
  ],
  "Tarija": [
    -21.583333,
    -63.833333
  ],
  "the Province": [
    35.6023347,
    -77.3695595
  ],
  "the Lower Madeira": [
    50.7578962,
    -1.5392597
  ],
  "Trinidad": [
    10.4430243,
    -61.2613054
  ],
  "England": [
    52.5310214,
    -1.2649062
  ],
  "the \u201cStreet of the Shore": [
    55.9749858,
    -3.1668986
  ],
  "Izozo": [
    -17.2357172,
    -64.5224947
  ],
  "Par\u00e1": [
    -6.8699697,
    -75.0458515
  ],
  "Copiapo": [
    -27.3664685,
    -70.3322753
  ],
  "farinha": [
    -5.3879592,
    -45.418489
  ],
  "La     ": [
    20.0171109,
    103.378253
  ],
  "Machupa": [
    -6.169784,
    39.211856
  ],
  "Mojos": [
    -14.9961581,
    -65.641067
  ],
  "Caracoles": [
    -34.421071,
    -70.9391069
  ],
  "Yungas": [
    -16.3997857,
    -72.1648294
  ],
  "the West Indies": [
    50.836359,
    0.4617891
  ],
  "Aymar\u00e1": [
    -34.5852492,
    -58.380157
  ],
  "Cayubaba": [
    -13.3195647,
    -65.2507884
  ],
  "Obidos": [
    39.3619514,
    -9.157153
  ],
  "Manicor\u00e9": [
    -5.804618,
    -61.289483
  ],
  "Tacora": [
    -19.8744967,
    -66.2268456
  ],
  "AMAZON": [
    -0.6207328,
    -51.5756469
  ],
  "Great Britain": [
    54.3151594,
    -1.9181532
  ],
  "Exaltacion": [
    -11.7890104,
    -66.9367974
  ],
  "BOLIVIA": [
    -17.0568696,
    -64.9912286
  ],
  "Maravilla": [
    34.0332976,
    -118.1681507
  ],
  "Caripuna": [
    -23.2971765,
    -46.0387037
  ],
  "Misericordia": [
    38.7114084,
    -9.1507477
  ],
  "El Cerro del Volcan": [
    13.5402156,
    -86.2128568
  ],
  "Cerrito": [
    -31.8546304,
    -52.8151659
  ],
  "San Ignacio": [
    -5.1243684,
    -78.8956299
  ],
  "Plate": [
    53.5499214,
    11.4999932
  ],
  "Coni": [
    44.4580703,
    7.5581367
  ],
  "Arequipa": [
    -16.3988667,
    -71.5369607
  ],
  "Apolobamba": [
    -15.0237542,
    -68.9035868
  ],
  "Pocona": [
    -17.6747701,
    -65.4199602
  ],
  "Atlantic": [
    39.5143268,
    -74.6632883
  ],
  "Man\u00e1os": [
    -3.1316333,
    -59.9825041
  ],
  "Curahuara": [
    -17.6322495,
    -67.986774
  ],
  "Borba": [
    38.8057942,
    -7.4542105
  ],
  "Paz": [
    45.2908372,
    14.0944912
  ],
  "Silver Hill": [
    38.839849,
    -76.9381785
  ],
  "the Madeira and": [
    51.6064776,
    -0.5563306
  ],
  "CHUQUISACA": [
    -19.0477251,
    -65.2594306
  ],
  "Catamarca": [
    -27.1910825,
    -67.105374
  ],
  "Gran Chaco": [
    -20.0976312,
    -59.8739161
  ],
  "Cuatro Ojos": [
    41.6921754,
    -3.9773195
  ],
  "Merim": [
    42.0467658,
    -8.4003247
  ],
  "Japan": [
    36.5748441,
    139.2394179
  ],
  "Rapids": [
    43.0957985,
    -78.6545955
  ],
  "Maddalena": [
    45.0293003,
    7.3023687
  ],
  "San Francisco": [
    37.7792588,
    -122.4193286
  ],
  "Matto": [
    36.5266411,
    136.5661935
  ],
  "Curumb\u00e1": [
    -23.3496199,
    -47.6303565
  ],
  "Liverpool": [
    53.4071991,
    -2.99168
  ],
  "Yocalla": [
    -19.3888592,
    -65.9112948
  ],
  "La Cruz": [
    11.0088428,
    -85.5518491
  ],
  "Valparaiso": [
    41.4672552,
    -87.0604487
  ],
  "the Atlantic Ocean": [
    62.46558,
    6.0960324
  ],
  "San Nicolas": [
    16.0703505,
    120.7624714
  ],
  "Catariri": [
    -19.7357903,
    -66.9563811
  ],
  "Paraguay": [
    -23.3165935,
    -58.1693445
  ],
  "the Black Country": [
    52.5215006,
    -2.0766606
  ],
  "Tacna": [
    -18.01386,
    -70.2511032
  ],
  "La Barca": [
    44.083538,
    10.4444778
  ],
  "Argentine": [
    -34.9964963,
    -64.9672817
  ],
  "San Jos\u00e9": [
    37.3361663,
    -121.890591
  ],
  "Canichana": [
    -14.1817047,
    -65.0243059
  ],
  "Deseada": [
    28.5692311,
    -17.8372084
  ],
  "Maury": [
    35.6285992,
    -87.0736684
  ],
  "Spain": [
    39.3260685,
    -4.8379791
  ],
  "Chuquisaca": [
    -19.0477251,
    -65.2594306
  ],
  "Birkenhead": [
    53.3895177,
    -3.0248007
  ],
  "Apiri": [
    1.7851613,
    33.4015272
  ],
  "Peru": [
    -6.8699697,
    -75.0458515
  ],
  "Las Tetillas": [
    12.5284007,
    -86.238356
  ],
  "Curahuara de Carangas": [
    -17.8426585,
    -68.4089744
  ],
  "Amazon": [
    -0.6207328,
    -51.5756469
  ],