{
    "Rome": [
        41.8933203,
        12.4829321
    ],
    "Saj\u00e1ma": [
        -18.108263,
        -68.6023775
    ],
    "Titicaca": [
        -15.7334907,
        -69.9357769
    ],
    "United States": [
        39.7837304,
        -100.445882
    ],
    "Arica": [
        -18.4785288,
        -70.3211394
    ],
    "Bananeiras": [
        -6.7537682,
        -35.6338343
    ],
    "Misericordia": [
        38.7114084,
        -9.1507477
    ],
    "San Arzobispado": [
        14.6471814,
        -90.5170626
    ],
    "Lowest": [
        51.9863376,
        4.6302046
    ],
    "Pocona": [
        -17.6747701,
        -65.4199602
    ],
    "Arauna": [
        -33.8693285,
        18.6864999
    ],
    "London": [
        51.5074456,
        -0.1277653
    ],
    "Loreto": [
        43.439498,
        13.6070214
    ],
    "El Cruzero": [
        11.6944323,
        -84.4009638
    ],
    "Arepucho": [
        -17.3770946,
        -65.2229029
    ],
    "Lima": [
        -12.0621065,
        -77.0365256
    ],
    "Tijamuchi": [
        -15.1632474,
        -65.4227211
    ],
    "n\u2019t": [
        37.9456724,
        23.7139908
    ],
    "El Chaco": [
        -0.2442778,
        -77.675958
    ],
    "Great Britain": [
        54.3151594,
        -1.9181532
    ],
    "olada": [
        28.4108899,
        77.3114153
    ],
    "Patagonia": [
        31.5402016,
        -110.753927
    ],
    "Cliza": [
        -17.5918058,
        -65.9341813
    ],
    "New York": [
        40.7127281,
        -74.0060152
    ],
    "Chuquisaca": [
        -19.0477251,
        -65.2594306
    ],
    "the Black Country": [
        52.5215006,
        -2.0766606
    ],
    "moon": [
        58.5959044,
        23.2196461
    ],
    "Santa Cruz": [
        28.467178,
        -16.2507843
    ],
    "San Xavier": [
        32.1036996,
        -111.013981
    ],
    "Pacific": [
        46.5334929,
        -123.768029
    ],
    "Tarija": [
        -21.583333,
        -63.833333
    ],
    "Liebig": [
        52.3915306,
        9.7548457
    ],
    "Santa": [
        47.7551188,
        7.0534664
    ],
    "El Cerrito": [
        37.9154056,
        -122.301411
    ],
    "El Ingenio": [
        -14.6451139,
        -75.0583569
    ],
    "Lomas": [
        42.27354,
        -4.5503861
    ],
    "Curumb\u00e1": [
        -23.3496199,
        -47.6303565
    ],
    "San Louise": [
        34.7363227,
        135.5097558
    ],
    "Amazon River": [
        -2.6320449,
        -57.1815019
    ],
    "Scotch": [
        43.7089117,
        -116.3815581
    ],
    "lianas": [
        -30.0510371,
        -51.1779938
    ],
    "Josephus": [
        48.2075471,
        16.2284106
    ],
    "Keith": [
        41.1973065,
        -101.6862537
    ],
    "Atlantic": [
        39.5143268,
        -74.6632883
    ],
    "Jamaica": [
        18.1850507,
        -77.3947693
    ],
    "Northern Brazil": [
        -29.8322441,
        17.1613977
    ],
    "Columbus": [
        39.9622601,
        -83.0007065
    ],
    "Brazil": [
        -10.3333333,
        -53.2
    ],
    "Liverpool": [
        53.4071991,
        -2.99168
    ],
    "Bolivar": [
        33.7702263,
        -90.8519798
    ],
    "Pederneira": [
        39.6029108,
        -9.0701572
    ],
    "Aymar\u00e1": [
        -34.5852492,
        -58.380157
    ],
    "Southampton": [
        50.9025349,
        -1.404189
    ],
    "the Pacific Coast": [
        38.0186902,
        -122.7298682
    ],
    "talento": [
        10.7674469,
        122.3362216
    ],
    "LONDON": [
        51.5074456,
        -0.1277653
    ],
    "Izozo": [
        -17.2357172,
        -64.5224947
    ],
    "Barbaros": [
        36.2025223,
        36.1690712
    ],
    "richer city": [
        40.7320647,
        -111.8551593
    ],
    "yucas": [
        36.80904,
        -2.5754412
    ],
    "Sahama": [
        -13.24,
        15.359167
    ],
    "Yca": [
        49.6789457,
        -124.9806989
    ],
    "Tacna": [
        -18.01386,
        -70.2511032
    ],
    "Silver Hill": [
        38.839849,
        -76.9381785
    ],
    "Morinhos": [
        -5.8229709,
        -47.0732895
    ],
    "Grande\u2014River": [
        -20.2859647,
        -47.1297737
    ],
    "Chili": [
        -31.7613365,
        -71.3187697
    ],
    "St. Giles": [
        52.4595724,
        -1.7776211
    ],
    "Centigrade": [
        54.146563,
        -4.4802117
    ],
    "Central America": [
        -30.2928485,
        153.1256159
    ],
    "San Antonio": [
        29.4246002,
        -98.4951405
    ],
    "Pachimoco": [
        -30.1979169,
        -68.8300915
    ],
    "Plaza": [
        43.0984018,
        -2.7494734
    ],
    "Flutes": [
        50.8443433,
        -1.0673764
    ],
    "St. John": [
        18.3356013,
        -64.7550406
    ],
    "Incas": [
        -30.0779433,
        -51.0405793
    ],
    "Terrado": [
        -20.3950095,
        -64.9875211
    ],
    "Choro": [
        -4.8435726,
        -39.1393071
    ],
    "Borba": [
        38.8057942,
        -7.4542105
    ],
    "Peru": [
        -6.8699697,
        -75.0458515
    ],
    "the Atlantic Ocean": [
        62.46558,
        6.0960324
    ],
    "pisco": [
        -13.7099813,
        -76.2029793
    ],
    "the West Indies": [
        50.836359,
        0.4617891
    ],
    "Bartolo": [
        18.2011587,
        -66.8503643
    ],
    "Trinitario": [
        -16.8950051,
        -64.9709803
    ],
    "Jesuits": [
        43.6642764,
        -79.3904051
    ],
    "Sapucaia": [
        -29.8197019,
        -51.1608722
    ],
    "us": [
        39.7837304,
        -100.445882
    ],
    "California": [
        36.7014631,
        -118.755997
    ],
    "Man\u00e1os": [
        -3.1316333,
        -59.9825041
    ],
    "Umait\u00e1": [
        -12.0070525,
        -68.231074
    ],
    "Poopo": [
        -18.2505991,
        -66.9746906
    ],
    "Periquitos": [
        -22.7799785,
        -43.3268206
    ],
    "Capybara": [
        -36.8615905,
        174.7208259
    ],
    "Capillitas": [
        -27.766667,
        -57.65
    ],
    "Masa Cruz": [
        41.6539246,
        -4.7219655
    ],
    "San Ignacio": [
        -5.1243684,
        -78.8956299
    ],
    "Europe": [
        51.0,
        10.0
    ],
    "Atacama": [
        -24.5563029,
        -69.4226479
    ],
    "Oruro": [
        -18.666667,
        -67.666667
    ],
    "Velasquez": [
        16.0534949,
        120.3848898
    ],
    "oxen": [
        56.5236052,
        16.3976712
    ],
    "Deseada": [
        28.5689203,
        -17.8392277
    ],
    "Ratania": [
        25.5601744,
        87.8749609
    ],
    "Aiquile": [
        -18.2002218,
        -65.1806293
    ],
    "Portugal": [
        39.6621648,
        -8.1353519
    ],
    "St. James": [
        39.573173,
        -77.7493708
    ],
    "Cachimayo": [
        -13.475679,
        -72.0694716
    ],
    "Huanchaca": [
        -20.3164904,
        -66.6833987
    ],
    "Cayubaba": [
        -13.3195647,
        -65.2507884
    ],
    "Aullagas": [
        -18.6822248,
        -65.9974987
    ],
    "Carais": [
        57.0123453,
        -7.3316946
    ],
    "Lake Valencia": [
        34.8625828,
        -92.403154
    ],
    "River": [
        51.1410065,
        1.2748111
    ],
    "Whistles": [
        51.5138077,
        -0.1483176
    ],
    "Spain": [
        39.3260685,
        -4.8379791
    ],
    "Sandia": [
        -13.833333,
        -69.333333
    ],
    "Exaltacion": [
        -11.7890104,
        -66.9367974
    ],
    "quinta": [
        41.2976334,
        -7.8554018
    ],
    "Western Brazil": [
        -0.1813973,
        30.3640168
    ],
    "Tarapaya": [
        -19.4749313,
        -65.7981713
    ],
    "Caripuna": [
        -23.2971765,
        -46.0387037
    ],
    "Angostura": [
        8.1028532,
        -63.5469562
    ],